Name,Password,ID,Balance,Investments
moon,1234,0001,500.000000,0.000000
ali,1234,0002,800.000000,0.000000
sher,1234,0003,1000.000000,0.000000