Name,Password,ID,Balance,Investments
ali,1234,0002,800.000000,0.000000
qwe,1234,0003,0.000000,0.000000